{
  "0 - 0": 0.9766548210407843,
  "0 - 20000": 0.8553756511761883,
  "20000 - 50000": 0.7231606773670358,
  "50000 - 100000": 0.7516208763493292,
  "100000 - 200000": 0.8001173672924526,
  "200000 - 500000": 0.8642606994360483,
  "500000 - 1000000": 0.884929227626361,
  "1000000 - 2000000": 0.8947743129170748,
  "2000000 - 5000000": 0.9207714150796895,
  "5000000 - 10000000": 0.8435089773095964,
  "10000000 - 20000000": 0.8429222934863183,
  "20000000 - 50000000": 0.7971867749419953,
  "50000000 - 100000000": 0.4976640030931821,
  "100000000 - 200000000": 0.9999677793530094
}